ID,Name,LongLat
799,Norwest Road (east side of Midland),"44.25722, -76.57395"
850,Centennial Drive (south side of Cataraqui Woods),"44.26926, -76.55933"
9075,Crossfield Avenue (west side of Andersen),"44.26475, -76.54892"
858,Chadwick Parkette (west side of Andersen),"44.26208, -76.54846"
407,Vanguard Court (east side of Waterloo),"44.25257, -76.54781"
586,Centennial Drive (north side of Davis),"44.25628, -76.55977"
591,Bigham Court (south side of Davis),"44.25288, -76.5642"
50,Trillium Ridge (west side of Edgar),"44.25049, -76.55295"
98,Bexley Gate (north side of Taylor-Kidd),"44.25125, -76.5613"
815,RioCan Centre (north side of Taylor-Kidd),"44.25096, -76.56476"
618,Blackburn Mews (north side of Taylor-Kidd),"44.2507, -76.57043"
94,Kimberley Street (east side of Old Colony),"44.252, -76.57695"
96,Ridley Drive (east side of Old Colony),"44.25383, -76.57724"
635,Sutton Mills Court (east side of Ridley),"44.25557, -76.57585"
736,Norwest Road (east side of Ridley),"44.2571, -76.57689"
111,257 Bath Road (north side),"44.24018, -76.52331"
509,Grenville Road (north side of Bath),"44.23913, -76.53313"
2063,258 Queen Mary Road (west side),"44.23777, -76.53599"
507,Queen Mary Road (south side of Robert Wallace),"44.23442, -76.53287"
467,Curtis Crescent (west side of Portsmouth),"44.227, -76.52586"
309,Johnson Street (east side of Ontario),"44.22851, -76.4812"
2037,Downtown Transfer Point Platform 3,"44.23107, -76.48491"
312,Gore Street (west side of Ontario),"44.22594, -76.48382"
323,George Street (north side of King),"44.22275, -76.49131"
414,Alwington Avenue (north side of King),"44.22139, -76.51031"
458,McDonald Avenue (north side of King),"44.22065, -76.52246"
459,Portsmouth Avenue (north side of King),"44.22055, -76.52471"
460,Baiden Street (east side of Portsmouth),"44.22158, -76.52514"
490,Portsmouth Avenue (north side of Johnson),"44.23014, -76.52666"
505,Polson Park School (north side of Robert Wallace),"44.23486, -76.52955"
2064,Notch Hill Road (east side of Queen Mary),"44.23726, -76.53553"
521,Country Club Drive (north side of King),"44.22032, -76.52983"
9043,Reddendale Plaza (north side of Front),"44.21842, -76.57048"
546,Evelyn Street (east side of Lakeview),"44.22108, -76.5718"
549,Meadowcrest Road (east side of Lakeview),"44.22385, -76.57203"
555,Acron Street (east side of McEwen),"44.23163, -76.57391"
2074,Gardiners Centre Transfer Point,"44.23613, -76.56781"
2003,Bayridge Centre (east side of Bayridge),"44.25076, -76.58933"
641,Woodbine Road (east side of Bayridge),"44.25867, -76.58392"
9057,Princess Street (south side) east of Bayridge,"44.25925, -76.58129"
741,2698 Princess Street (north side),"44.25882, -76.57651"
739,Princess Street (north side) east of Bayridge,"44.25943, -76.581"
2002,Pembridge Crescent (south side of Taylor-Kidd),"44.249, -76.5854"
615,Gardiners Road (south side of Progress),"44.24654, -76.5684"
9208,RioCan Centre (west side of Gardiners),"44.24433, -76.56808"
9228,Development Drive (west side of Gardiners),"44.242, -76.56793"
2075,Gardiners Centre Transfer Point,"44.23581, -76.568"
558,Bath Road (west side of McEwen),"44.23699, -76.5746"
34,Trailhead Place (south side of King),"44.21991, -76.53797"
520,Lake Ontario Park (south side of King),"44.22008, -76.53028"
9053,Bayridge Centre (north side of Taylor-Kidd),"44.25074, -76.59046"
19,Sycamore Street (north side of Bath),"44.23601, -76.62092"
765,Fairfield Boulevard (north side of Amherst),"44.22628, -76.63909"
767,Pittsfield Street (north side of Amherst),"44.227, -76.6461"
775,Loyalist Plaza (south side of Manitou),"44.21945, -76.64555"
776,Sherwood Avenue (south side of Manitou),"44.22001, -76.64342"
797,282 Amherst Drive (north side),"44.22744, -76.65475"
868,Davey Crescent (south side of Kidd),"44.2175, -76.65904"
782,Kildare Avenue (east side of Kidd),"44.22228, -76.65514"
789,Fairfield Boulevard (south side of Amherst),"44.22606, -76.63933"
790,Henry Crescent (west side of Loyalist),"44.22595, -76.63616"
791,Addington Street (west side of Loyalist),"44.22314, -76.63604"
9048,Bath Road (east side of Collins Bay),"44.24184, -76.60993"
9062,Bayridge Secondary (south side of Taylor-Kidd),"44.25151, -76.59476"
685,Cranbrook Street (east side of Chelsea),"44.21927, -76.57406"
569,Henderson Boulevard (east side of Glen Castle),"44.22796, -76.57942"
565,420 Glen Castle Road (south side),"44.23165, -76.57918"
578,Sackville Crescent (east side of Acadia),"44.23311, -76.59808"
579,Citation Crescent (east side of Acadia),"44.23512, -76.5985"
562,Vista Drive (south side of Bath),"44.23715, -76.58266"
610,Gardiners Road (north side of Development),"44.24183, -76.56843"
598,McKay Street (north side of Development),"44.24126, -76.57713"
553,Truedell Road (north side of Development),"44.24084, -76.57968"
628,Hudson Drive (north side of Development),"44.24113, -76.58474"
4,Holgate Crescent (north side of Hudson),"44.24503, -76.59236"
600,High Gate Park Drive (north side of Hillside),"44.24739, -76.60452"
28,1386 Waverley Crescent (north side),"44.24418, -76.61685"
625,988 Mona Drive (east side),"44.25479, -76.60654"
604,Chancery Street (south side of Lancaster),"44.25623, -76.59444"
675,Bridle Path Crescent (north side of Lancaster),"44.25307, -76.59239"
601,Taylor-Kidd Boulevard (west side of Liston),"44.25175, -76.59451"
660,Bayridge Drive (south side of Old Colony),"44.255, -76.58598"
9230,Ridley Drive (west side of Old Colony),"44.25396, -76.57751"
649,Walmart (east side of Midland),"44.26488, -76.57402"
645,Birchwood Drive (north side of Sierra),"44.27206, -76.57829"
644,706 Cedarwood Drive (west side),"44.26494, -76.57747"
657,Princess Street (west side of Bayridge),"44.26064, -76.58338"
693,Cataraqui Woods Drive (east side of Cedarwood),"44.26696, -76.5783"
743,Peachwood Street (east side of Birchwood),"44.27016, -76.57842"
457,Sierra Avenue (east side of Birchwood),"44.27191, -76.57833"
639,938 Old Colony Road (north side),"44.255, -76.58168"
663,Strand Boulevard (south side of Lancaster),"44.25301, -76.59202"
664,Rowantree Crescent (east side of Lancaster),"44.25524, -76.58958"
667,Holy Cross Secondary (north side of Woodbine),"44.25847, -76.59739"
668,Katharine Crescent (north side of Woodbine),"44.25826, -76.60034"
676,Lynwood Drive (south side of Mona),"44.25323, -76.60467"
533,809 Aylmer Crescent (north side),"44.24957, -76.61191"
531,761 Aylmer Crescent (west side),"44.24804, -76.61457"
30,Coverdale Drive (west side of Walden),"44.2379, -76.59791"
408,Tanglewood Drive (east side of Roosevelt),"44.23188, -76.58851"
592,419 Glen Castle Road (north side),"44.23176, -76.57901"
594,Henderson Boulevard (west side of Glen Castle),"44.22827, -76.57957"
596,Chelsea Road (west side of Glen Castle),"44.22615, -76.5794"
9051,263 Chelsea Road (west side),"44.22465, -76.57513"
744,2485 Princess Street (south side),"44.2582, -76.56627"
2076,Centennial Drive (south side of Princess),"44.25807, -76.55771"
41,Futures Gate (south side of Princess),"44.25805, -76.55368"
44,Parkway (south side of Princess),"44.25131, -76.53342"
2053,Hillendale Avenue (south side of Princess),"44.24769, -76.526"
501,Kingston Centre Transfer Point Platform 2,"44.24215, -76.51677"
356,Albert Street (south side of Princess),"44.23652, -76.50081"
272,Barrie Street (south side of Princess),"44.2329, -76.49151"
292,Barrie Street (north side of Brock),"44.23207, -76.49143"
275,Alfred Street (north side of Princess),"44.23553, -76.49797"
357,Albert Street (north side of Princess),"44.23658, -76.50051"
402,Augusta Drive (north side of Princess),"44.25832, -76.55502"
584,Centennial Drive (north side of Princess),"44.25835, -76.55972"
9029,Bath Road (east side of Tanner),"44.2377, -76.55932"
9020,Dolshire Street (south side of Malabar),"44.24229, -76.55319"
517,Armstrong Road (south side of Kingsdale),"44.2419, -76.54357"
511,Queen Mary Road (south side of Bath),"44.23866, -76.53544"
9022,Fernmoor Drive (north side of Malabar),"44.24151, -76.55133"
9024,Tanner Drive (east side of Melrose),"44.24375, -76.55501"
9025,Farnham Crescent (west side of Tanner),"44.24102, -76.55967"
2001,Kirkpatrick Street (west side of Division),"44.25317, -76.49678"
2028,Guy Street (west side of Division),"44.2435, -76.49529"
283,York Street (west side of Division),"44.23791, -76.49422"
353,Alfred Street (north side of Brock),"44.23296, -76.49763"
9217,325 Palace Road (east side),"44.23353, -76.5137"
9218,Gardiners Centre (north side of Bath),"44.23728, -76.56654"
617,Arlington Park Place (east side of Gardiners),"44.24792, -76.56795"
9209,Gardiners Centre (south side of Bath),"44.237, -76.56652"
733,Tanner Drive (south side of Bath),"44.23686, -76.5595"
9210,Kingston Centre (south side of Bath),"44.2405, -76.51644"
9212,Barrie Street (south side of Johnson),"44.23097, -76.49133"
9215,King's Crossing South (north side of driveway),"44.26371, -76.50026"
700,St. Martha Street (south side of Rose Abbey),"44.26638, -76.44734"
65,McCallum Street (west side of Rose Abbey),"44.26388, -76.44688"
139,Rideau Town Centre (north side of Gore),"44.25958, -76.45627"
132,Barrett Court (west side of Highway 15),"44.24933, -76.46111"
266,Leon's Centre (west side of Ontario),"44.23333, -76.47889"
9207,St. Martha Street (north side of Rose Abbey),"44.26597, -76.44637"
146,Joyce Street (north side of Sheppard),"44.27357, -76.47822"
141,Esdon Street (west side of Guthrie),"44.2722, -76.48172"
160,Virginia Street (north side of Guthrie),"44.27115, -76.48319"
168,Conacher Drive (west side of Sutherland),"44.26854, -76.48175"
207,235 Conacher Drive (north side),"44.26577, -76.49119"
210,Division Street (north side of Benson),"44.26649, -76.49734"
2026,Railway Street (west side of Division),"44.24759, -76.49589"
286,Pine Street (west side of Division),"44.23903, -76.49444"
301,West Street (north side of Bagot),"44.22711, -76.48787"
427,Kingston General Hospital (north side of Stuart),"44.22443, -76.49479"
2042,Alfred Street (north side of Union),"44.22786, -76.49714"
107,Albert Street (north side of Union),"44.2273, -76.50008"
437,Victoria Street (north side of Union),"44.22687, -76.50233"
450,Herbert Street (east side of Mowat),"44.22517, -76.52042"
471,Mulcaster Street (east side of Norman Rogers),"44.23532, -76.52292"
502,Kingston Centre Transfer Point Platform 4,"44.242, -76.5168"
475,MacPherson Avenue (east side of Van Order),"44.2357, -76.51785"
482,215 Norman Rogers Drive (west side),"44.23347, -76.5229"
485,Johnson Street (west side of Roden),"44.23076, -76.52263"
487,Mowat Avenue (south side of Johnson),"44.2304, -76.52114"
449,Francis Street (west side of Mowat),"44.22504, -76.52055"
452,Cartwright Street (north side of Churchill),"44.22252, -76.5243"
433,Albert Street (south side of Union),"44.2272, -76.49989"
690,Douglas Avenue (north side of Elliott),"44.25612, -76.5038"
209,Kingslake Plaza (south side of Benson),"44.26636, -76.49699"
208,300 Conacher Drive (south side),"44.2662, -76.49472"
206,230 Conacher Drive (south side),"44.26564, -76.49133"
182,Wilson Street (south side of Conacher),"44.2659, -76.48787"
169,Sutherland Drive (east side of Conacher),"44.26828, -76.48156"
155,Sutherland Drive (east side of Virginia),"44.26859, -76.48751"
156,Mgr. Remi-Gaulin School (south side of Virginia),"44.27002, -76.48671"
142,Esdon Street (east side of Guthrie),"44.27234, -76.48133"
855,Seniors Centre (east side of Francis),"44.22465, -76.52181"
179,1130 Montreal Street (west side),"44.26391, -76.47869"
188,Daly Street (north side of Weller),"44.26263, -76.48195"
187,Baker Street (north side of Weller),"44.26254, -76.48348"
205,71 Compton Street (north side),"44.26452, -76.49061"
201,Weller Avenue at KCHC (west side of Compton),"44.26269, -76.49087"
196,Wiley Street (south side of Drennan),"44.26054, -76.48881"
195,Wilson Street (south side of Drennan),"44.26077, -76.48593"
2022,John Counter Boulevard (west side of Montreal),"44.25616, -76.48317"
2023,Village Drive (west side of Montreal),"44.25465, -76.48349"
225,Royal Canadian Legion (west side of Montreal),"44.25127, -76.48568"
250,Stephen Street (west side of Montreal),"44.24304, -76.48794"
2029,362 Montreal Street (west side),"44.24126, -76.4877"
265,Artillery Park (west side of Bagot),"44.23398, -76.4839"
257,Montreal Street (north side of Raglan),"44.23793, -76.48509"
251,Stephen Street (east side of Montreal),"44.24274, -76.48775"
230,Joseph Street (east side of Montreal),"44.24565, -76.48733"
222,Village Drive (east side of Montreal),"44.25479, -76.48322"
184,Wilson Street (south side of Compton),"44.26484, -76.48722"
189,Daly Street (south side of Weller),"44.26252, -76.48185"
9044,Lappan's Lane (south side of John Counter),"44.25914, -76.50893"
843,Johnson Street (east side of Portsmouth),"44.22994, -76.52596"
845,Miles Avenue (east side of Portsmouth),"44.2347, -76.52722"
506,Elmwood Street (east side of Portsmouth),"44.24097, -76.529"
377,Howard Crescent (east side of Portsmouth),"44.24849, -76.52949"
396,Princess Street (south side of John Counter),"44.25737, -76.54133"
755,Apprentice Street (south side of Craftsman),"44.24311, -76.45447"
29,Princess Mary Avenue (north side of Cambrai),"44.24059, -76.43969"
123,Canex (east side of Niagara Park),"44.23801, -76.45517"
274,University Avenue (north side of Brock),"44.23264, -76.49536"
335,Mack Street (east side of Regent),"44.23419, -76.50888"
328,Helen Street (north side of Park),"44.23832, -76.51208"
2046,Wright Crescent (west side of Palace),"44.23967, -76.51446"
327,Park Street (west side of Palace),"44.23834, -76.51434"
108,Albert Street (south side of Johnson),"44.23151, -76.49939"
290,University Avenue (south side of Johnson),"44.23157, -76.49527"
836,Indian Road (north side of John Counter),"44.25907, -76.52633"
822,Cataraqui Woods Drive (east side of Midland),"44.26702, -76.57402"
712,INVISTA Centre,"44.27602, -76.56837"
847,Conacher Drive (east side of Wilson),"44.26587, -76.48762"
829,259 Dalton Avenue (north side),"44.26797, -76.50764"
390,Mohawk Place (west side of Portsmouth),"44.25325, -76.52997"
389,Portsmouth Avenue (south side of Glengarry),"44.25233, -76.52941"
387,Seaforth Road (south side of Glengarry),"44.25271, -76.52341"
384,Jane Avenue (west side of Avenue),"44.2467, -76.51897"
372,Concession Street (east side of Kingscourt),"44.24164, -76.5011"
243,Third Avenue (east side of Kingscourt),"44.2445, -76.50135"
238,Theresa Crescent (south side of Kirkpatrick),"44.25333, -76.49789"
860,Oak Street (west side of Kingscourt),"44.24998, -76.50189"
861,Seventh Avenue (west side of Kingscourt),"44.24762, -76.50172"
9042,Kingston Centre (south side of Princess),"44.24314, -76.51625"
9015,Bayridge Centre (west side of Bayridge),"44.25013, -76.58999"
37,Duncan McArthur Hall (north side of driveway),"44.22363, -76.51536"
9080,St. Lawrence Avenue (south side of Stuart),"44.22365, -76.49897"
9081,369 Dalton Avenue (north side),"44.26897, -76.51811"
9084,Brackenwood Crescent (west side of Birchwood),"44.26787, -76.57902"
2079,Cataraqui Centre Transfer Point Platform 3,"44.25508, -76.57248"
2081,Cataraqui Centre Transfer Point Platform 4,"44.25499, -76.57261"
2085,Cataraqui Centre Transfer Point Platform 8,"44.25497, -76.57308"
9088,Speers Boulevard (north side of Kildare),"44.22058, -76.66115"
9089,Champlain Avenue (west side of Indian),"44.25528, -76.52695"
9090,Bayridge Drive (north side of Hudson),"44.24512, -76.59018"
9239,Discovery Avenue (north side of John Marks),"44.27467, -76.44144"
9234,Waterside Way (west side of Highway 15),"44.26972, -76.45062"
9241,Rose Abbey Drive (east side of Highway 15),"44.26878, -76.45127"
9101,Grant Hall (east side of University),"44.22614, -76.49548"
9100,Ellis Hall (west side of University),"44.22624, -76.49571"
3025,Union Street (west side of Sir John A. Macdonald),"44.2228, -76.51283"
9103,Speers Boulevard (south side of Amherst),"44.22497, -76.66302"
3026,Nelson Street (north side of Princess),"44.2371, -76.50178"
9120,VIA Rail Station (south side of John Counter),"44.25857, -76.53841"
9121,Compton Street (north side of Weller),"44.26198, -76.49049"
9114,Woodhaven Drive (south side of Cataraqui Woods),"44.2673, -76.5955"
9115,Holden Street (south side of Cataraqui Woods),"44.26726, -76.59041"
9106,Birchwood Drive (north side of Cataraqui Woods),"44.26693, -76.579"
3030,University Avenue (south side of Earl),"44.2298, -76.49573"
9128,Lakeview Avenue (north side of Henderson),"44.22839, -76.57231"
9130,Jim Beattie Park (north side of Henderson),"44.22794, -76.58182"
9129,Jim Beattie Park (south side of Henderson),"44.22779, -76.58159"
9123,Woodhaven Drive (north side of Princess),"44.26175, -76.59624"
518,Rigney Street (north side of John Counter),"44.2595329508186, -76.5035993233324"
779,442 Dalton Avenue (south side),"44.268805095926, -76.5126690454782"
784,MTO Office (north side of John Counter),"44.2591011989862, -76.5152112767101"
1154,KT Garage - 1181 (Sktgar1),"44.2608699481935, -76.5073289349676"
849,Clyde Court (south side of Cataraqui Woods),"44.26816, -76.56337"
852,Emerald Street (south side of Crossfield),"44.2643, -76.55754"
9074,Augusta Drive (south side of Crossfield),"44.26435, -76.55164"
399,Kingston Gospel Temple (south side of Princess),"44.25801, -76.54824"
406,Friarhill Crescent (north side of Waterloo),"44.25398, -76.55169"
403,Uxbridge Crescent (north side of Waterloo),"44.2544, -76.55546"
589,745 Davis Drive (north side),"44.25603, -76.56429"
410,Centennial Drive (south side of Davis),"44.25163, -76.55596"
634,Midland Avenue (south side of Norwest),"44.25732, -76.57423"
2065,204 Queen Mary Road (west side),"44.23573, -76.53486"
492,Johnson Street (west side of Robert Wallace),"44.2303, -76.52813"
491,Portsmouth Avenue (south side of Johnson),"44.22999, -76.52674"
2070,St. Lawrence College Transfer Point,"44.22372, -76.52642"
751,Baiden Street (west side of Portsmouth),"44.2213, -76.52529"
2069,Beechgrove (south side of King),"44.22047, -76.52292"
455,Yonge Street (south side of Union),"44.22221, -76.51728"
2009,Queen's West Campus (south side of Union),"44.22303, -76.51447"
413,Sir John A Macdonald Blvd. (south side of King),"44.22112, -76.51203"
424,Lower University Avenue (south side of King),"44.22288, -76.49517"
322,Maitland Street (south side of King),"44.22391, -76.48795"
316,Ontario Street (west side of West),"44.22447, -76.48609"
314,Lower Union Street (east side of Ontario),"44.22516, -76.48431"
303,Wellington Street (south side of Johnson),"44.22946, -76.48398"
304,King Street (south side of Johnson),"44.22888, -76.48273"
310,William Street (west side of Ontario),"44.22723, -76.48264"
313,Lower Union Street (west side of Ontario),"44.2251, -76.48459"
315,King Street (east side of West),"44.22471, -76.48608"
321,Maitland Street (north side of King),"44.22384, -76.48835"
425,Lower University Avenue (north side of King),"44.223, -76.4953"
411,The Isabel/Tett Centres (north side of King),"44.2216, -76.50694"
444,Queen's West Campus (north side of Union),"44.22335, -76.51396"
456,Yonge Street (north side of Union),"44.22203, -76.51803"
464,Calderwood Drive (east side of Portsmouth),"44.2244, -76.52542"
493,Johnson Street (east side of Robert Wallace),"44.2303, -76.52798"
2067,Queen Mary Road (north side of Robert Wallace),"44.23449, -76.53305"
2066,211 Queen Mary Road (east side),"44.23595, -76.53485"
2061,Portsmouth Avenue (south side of Bath),"44.23918, -76.53035"
535,Sunny Acres Road (north side of Front),"44.21875, -76.56467"
803,Henderson Boulevard (east side of Lakeview),"44.22801, -76.57242"
567,Henderson Boulevard (east side of McEwen),"44.2285, -76.57362"
607,740 Progress Avenue (north side),"44.24719, -76.57412"
632,Pembridge Crescent (north side of Taylor-Kidd),"44.24921, -76.58535"
606,745 Progress Avenue (south side),"44.24712, -76.57452"
554,Acron Street (west side of McEwen),"44.23137, -76.57403"
550,279 Lakeview Avenue (west side),"44.22547, -76.57234"
33,Invista (south side of Front),"44.21885, -76.55931"
9004,Mona Drive (north side of Taylor-Kidd),"44.25177, -76.6013"
9005,Aylmer Crescent (west side of Collins Bay),"44.24975, -76.61079"
9006,Edwin Street (west side of Collins Bay),"44.24684, -76.61052"
9049,Bath Road (west side of Collins Bay),"44.24171, -76.6101"
21,Homeward Avenue (north side of Bath),"44.2318, -76.62519"
23,Maple Ridge Drive (north side of Bath),"44.22805, -76.62752"
795,Addington Street (east side of Loyalist),"44.22314, -76.63584"
9061,Amherst Drive (east side of Manitou),"44.22723, -76.6511"
2019,Helen Henderson Centre (north side of Amherst),"44.22622, -76.65921"
866,Amherst Drive (west side of Pratt),"44.22183, -76.66738"
869,Jordyn's Court (south side of Kidd),"44.21928, -76.65365"
872,Amherst Drive (east side of Pratt),"44.22194, -76.66725"
787,Pittsfield Street (south side of Amherst),"44.22698, -76.64666"
788,Upper Park Road (south side of Amherst),"44.22599, -76.64246"
792,Loyalist Avenue (west side of Fairfield),"44.22136, -76.63707"
69,Maple Ridge Drive (south side of Bath),"44.22813, -76.62722"
20,Lower Drive (south side of Bath),"44.23559, -76.62122"
9001,Prince Charles Drive (east side of Collins Bay),"44.24681, -76.61035"
9002,Taylor-Kidd Boulevard (east side of Collins Bay),"44.24974, -76.61053"
563,Roosevelt Drive (east side of Knightsbridge),"44.23345, -76.57859"
571,672 Roosevelt Drive (west side),"44.23182, -76.58867"
570,Springfield Drive (west side of Roosevelt),"44.22979, -76.58866"
576,Evangeline Avenue (north side of Acadia),"44.23241, -76.59437"
575,Stoneridge Drive (south side of Coverdale),"44.23726, -76.59225"
2,Downing Street (north side of Hudson),"44.24872, -76.59734"
599,Brookside Drive (north side of Prince Charles),"44.2471, -76.60852"
17,Clark Crescent (east side of Aylmer),"44.24675, -76.61517"
105,768 Aylmer Crescent (east side),"44.24814, -76.61437"
14,808 Aylmer Crescent (south side),"44.24946, -76.61193"
679,Dunham Street (north side of Mona),"44.25336, -76.60434"
623,Woodbine Road (east side of Mona),"44.25782, -76.60357"
603,917 Lancaster Drive (south side),"44.25642, -76.59142"
602,Chancery Street (west side of Lancaster),"44.25457, -76.58996"
77,Loblaws (east side of Midland),"44.26051, -76.57397"
742,Peachwood Street (west side of Birchwood),"44.27042, -76.57856"
655,Pinewood Place (north side of Cedarwood),"44.26207, -76.58057"
658,Pinewood Place (south side of Cedarwood),"44.26245, -76.58239"
75,Sierra Avenue (south side of Tivoli),"44.2727, -76.57689"
648,Walmart (west side of Midland),"44.26333, -76.57423"
566,860 Norwest Road (north side),"44.25744, -76.57469"
735,Ridley Drive (north side of Norwest),"44.25726, -76.57702"
552,Sutton Mills Court (west side of Ridley),"44.2558, -76.57603"
548,Old Colony Road (north side of Ridley),"44.25399, -76.57729"
661,Bayridge Drive (north side of Old Colony),"44.25538, -76.58632"
673,Lancaster Drive (east side of Liston),"44.25275, -76.594"
665,Newhall Drive (north side of Lancaster),"44.25653, -76.59175"
758,Woodbine Road (east side of Limestone),"44.25839, -76.59508"
669,Mona Drive (north side of Woodbine),"44.25804, -76.60308"
670,Palmerston Crescent (north side of Mona),"44.25602, -76.60478"
678,Humberside Drive (west side of Mona),"44.255, -76.60663"
540,Woodside Drive (west side of Mona),"44.25281, -76.60232"
530,723 Aylmer Crescent (west side),"44.24639, -76.61557"
532,1347 Waverley Crescent (south side),"44.24546, -76.61384"
469,Glen Cove Street (south side of Prince Charles),"44.24697, -76.60934"
682,1121 Hudson Drive (south side),"44.24847, -76.59985"
627,917 Development Drive (south side),"44.24102, -76.58479"
68,Truedell Road (south side of Development),"44.24072, -76.57976"
597,McKay Street (south side of Development),"44.24125, -76.5765"
608,Justus Drive (south side of Development),"44.24159, -76.57217"
698,Vista Drive (north side of Bath),"44.23735, -76.58415"
27,1189 Acadia Drive (west side of Acadia),"44.23532, -76.59868"
26,Sackville Crescent (south side of Acadia),"44.23292, -76.59806"
11,1071 Acadia Drive (south side),"44.23231, -76.59435"
405,717 Roosevelt Drive (east side),"44.22964, -76.58854"
588,543 Roosevelt Drive (south side),"44.23441, -76.58447"
684,Lakeview Avenue (south side of Cranbrook),"44.21949, -76.57183"
2052,Westdale Avenue (south side of Bath),"44.24075, -76.51358"
361,Macdonnell Street (south side of Princess),"44.2384, -76.50535"
359,Victoria Street (south side of Princess),"44.23757, -76.5033"
277,University Avenue (south side of Princess),"44.23426, -76.4953"
273,Princess Street (east side of Division),"44.23271, -76.49274"
278,University Avenue (north side of Princess),"44.23467, -76.49589"
364,Tower Street (north side of Princess),"44.23975, -76.50815"
504,Kingston Centre Transfer Point Platform 1,"44.24223, -76.51695"
43,Parkway (north side of Princess),"44.25137, -76.53297"
400,Andersen Drive (north side of Princess),"44.25822, -76.54973"
816,940 Gardiners Road (west side),"44.2573, -76.56888"
9231,Taylor-Kidd Boulevard (west side of Gardiners),"44.25095, -76.56854"
9046,RioCan at Petsmart (south side of driveway),"44.24822, -76.56686"
9026,Arbour Heights (east side of Tanner),"44.23938, -76.55941"
506,Kingston Centre Transfer Point Platform 5,"44.24191, -76.5169"
510,Queen Mary Road (north side of Bath),"44.23877, -76.53689"
731,Owens Crescent (north side of Kingsdale),"44.24172, -76.54454"
519,259 Kingsdale Avenue (north side),"44.24162, -76.54769"
9023,Dolshire Street (north side of Malabar),"44.24251, -76.55369"
528,1600 Bath Road (north side),"44.2372, -76.56387"
9045,RioCan at Best Buy (north side of driveway),"44.24832, -76.56658"
745,First Canada Avenue (west side of Division),"44.26419, -76.49859"
349,Victoria Street (north side of Brock),"44.23282, -76.5032"
9030,Frontenac Mall (north side of Bath),"44.23793, -76.54582"
734,Tanner Drive (north side of Bath),"44.2371, -76.55985"
806,Centennial Drive (south side of Bath),"44.23754, -76.54741"
9211,324 Palace Road (west side),"44.23395, -76.5139"
352,Alfred Street (south side of Johnson),"44.23158, -76.49723"
284,York Street (east side of Division),"44.23795, -76.49406"
9229,Kirkpatrick Street (east side of Division),"44.25379, -76.49664"
2080,Innovation Drive at Highway 15 (north side),"44.2722, -76.44609"
2010,Barriefield (west side of Highway 15),"44.24126, -76.45923"
2039,Downtown Transfer Point Platform 4,"44.23138, -76.48441"
9201,Union Street (west side of University),"44.22833, -76.49566"
426,Kingston General Hospital (south side of Stuart),"44.22427, -76.49475"
126,Highway 2 at Royal Military College (south side),"44.2369, -76.46556"
9225,Barrett Court (east side of Highway 15),"44.25047, -76.46063"
9226,Grenadier Drive (east side of Highway 15),"44.25377, -76.46044"
9205,Rideau Town Centre (south side of Gore),"44.25949, -76.45612"
9206,Dalgleish Avenue (east side of Rose Abbey),"44.26129, -76.4494"
9221,McCallum Street (east side of Rose Abbey),"44.26374, -76.44681"
150,Joyce Street (north side of Guthrie),"44.27481, -76.47791"
154,Sutherland Drive (west side of Virginia),"44.26844, -76.48764"
161,Guthrie Drive (south side of Sutherland),"44.2685, -76.48488"
2017,300 Conacher Drive (north side),"44.26633, -76.49475"
217,Rigney Street (north side of John Counter),"44.25953, -76.5036"
73,Rockford Place (south side of Elliott),"44.25609, -76.50114"
235,Barbara Avenue (west side of Division),"44.25027, -76.49635"
299,Earl Street (west side of Bagot),"44.2287, -76.48647"
317,George Street (north side of Stuart),"44.2248, -76.49198"
440,Willingdon Avenue (north side of Union),"44.22547, -76.50693"
441,Pembroke Street (north side of Union),"44.22445, -76.51013"
461,Cartwright Street (south side of Churchill),"44.22245, -76.52377"
447,Forsythe Avenue (east side of Mowat),"44.22659, -76.52056"
488,Mowat Avenue (north side of Johnson),"44.23053, -76.52089"
486,Johnson Street (east side of Roden),"44.23062, -76.52245"
481,219 Norman Rogers Drive (east side),"44.23373, -76.52276"
477,Casterton Avenue (east side of Norman Rogers),"44.23771, -76.52314"
498,Van Order Drive at L.C.V.I. (west side),"44.23764, -76.52029"
2059,Van Order Drive at L.C.V.I. (east side),"44.23772, -76.52017"
483,Silver Street (west side of Roden),"44.23198, -76.52275"
489,394 Yonge Street (west side),"44.23026, -76.51854"
445,310 Yonge Street (west side),"44.22738, -76.51827"
800,Francis Street (north side of Churchill),"44.22267, -76.52197"
696,Pembroke Street (south side of Union),"44.22438, -76.50996"
2043,Hillcroft Drive (south side of Union),"44.22551, -76.50624"
318,George Street (south side of Stuart),"44.22464, -76.49221"
302,West Street (south side of Bagot),"44.22683, -76.48793"
279,Colborne Street (east side of Division),"44.23478, -76.49327"
285,Pine Street (east side of Division),"44.23916, -76.49428"
232,Fraser Street (east side of Division),"44.24554, -76.49539"
233,Railway Street (east side of Division),"44.24784, -76.49575"
51,Rockford Place (north side of Elliott),"44.25622, -76.50141"
52,Bus Terminal Transfer Point Platform 3,"44.25875, -76.50603"
218,Rigney Street (south side of John Counter),"44.25931, -76.50267"
162,Guthrie Drive (north side of Sutherland),"44.26861, -76.48484"
158,109 Virginia Street (south side),"44.27107, -76.48473"
172,Sutherland Drive (west side of Montreal),"44.26807, -76.47914"
2016,MacCauley Street (east side of Wilson),"44.26354, -76.48661"
183,Wilson Street (north side of Compton),"44.26472, -76.48796"
203,Trillium Court (north side of Weller),"44.26177, -76.4931"
2015,Briceland Street (west side of Montreal),"44.25944, -76.48201"
262,Bay Street (west side of Bagot),"44.23593, -76.48394"
2031,Ordnance Street (east side of Montreal),"44.2346, -76.48495"
253,Charles Street (east side of Montreal),"44.24033, -76.4865"
252,362 Montreal Street (east side),"44.24155, -76.48756"
229,Railway Street (east side of Montreal),"44.24874, -76.48638"
226,Belle Park (east side of Montreal),"44.25124, -76.48543"
213,John Counter Boulevard (east side of Montreal),"44.25713, -76.48281"
197,Wiley Street (north side of Drennan),"44.26067, -76.48909"
200,Weller Avenue at KCHC (east side of Compton),"44.26286, -76.49073"
204,70 Compton Street (south side),"44.26443, -76.49029"
185,Weller Avenue (west side of Wilson),"44.26295, -76.48674"
186,Ford Street (south side of Weller),"44.26231, -76.48462"
57,1135 Montreal Street (east side),"44.26395, -76.47845"
174,Greer Street (east side of Montreal),"44.26645, -76.47851"
171,1343 Montreal Street (east side),"44.27095, -76.47892"
837,Indian Road (south side of John Counter),"44.25878, -76.5262"
374,Phillips Street (east side of Portsmouth),"44.24291, -76.52913"
58,Lance Street (south side of Craftsman),"44.24367, -76.44706"
89,Mercury Crescent (west side of Craftsman),"44.2423, -76.43909"
86,Canal du Nord Drive (north side of Lundy's),"44.23851, -76.44088"
117,19 Lundy's Lane (north side),"44.23822, -76.44516"
82,Lundy's Lane (east side of Niagara Park),"44.23598, -76.45418"
128,Constantine Arena (north side of Highway 2),"44.23588, -76.46857"
351,Albert Street (north side of Brock),"44.23286, -76.5009"
347,Macdonnell Street (north side of Brock),"44.23273, -76.50567"
329,Helen Street (south side of Park),"44.23819, -76.51214"
336,Mack Street (west side of Regent),"44.23401, -76.50902"
344,Brock Street (west side of Regent),"44.23274, -76.5089"
291,Division Street (south side of Johnson),"44.23124, -76.4931"
756,Sydenham Street (south side of Johnson),"44.23048, -76.48794"
92,King Street E. at City Hall (east side),"44.22984, -76.48162"
93,Royal Military College (south side of Highway 2),"44.23586, -76.46821"
818,Grant Timmins Drive (north side of Dalton),"44.26924, -76.52215"
727,93 Grant Timmins Drive (south side),"44.26741, -76.52511"
728,Dalton Avenue (east side of Grant Timmins),"44.2693, -76.5231"
826,Sir John A Macdonald Blvd (south side of Dalton),"44.2688, -76.52061"
838,Old Mill Road (north side of John Counter),"44.25885, -76.53853"
819,Fortune Crescent (east side of Gardiners),"44.27203, -76.56892"
48,Assurant (west side of Gardiners),"44.27202, -76.56933"
515,Cataraqui Woods Drive (west side of Gardiners),"44.26749, -76.56913"
2014,Bus Terminal Transfer Point Platform 2,"44.25919, -76.50553"
831,King's Crossing Mall (north side of Dalton),"44.26586, -76.50343"
828,295 Dalton Avenue (north side),"44.26885, -76.51206"
394,Old Quarry Road (west side of Aberfoyle),"44.25736, -76.52221"
393,Indian Road (north side of Old Quarry),"44.25715, -76.5257"
391,Portsmouth Avenue (north side of Champlain),"44.25523, -76.52959"
386,Avenue Road (south side of Glengarry),"44.25286, -76.51996"
385,McMahon Avenue (west side of Avenue),"44.25018, -76.51917"
761,Elmwood Street (west side of Sir John A Macdonald),"44.24265, -76.51953"
367,Leroy Grant Drive (south side of Concession),"44.24116, -76.50696"
369,Victoria Street (south side of Concession),"44.24124, -76.50313"
2027,Fifth Avenue (east side of Kingscourt),"44.24641, -76.50149"
862,Fifth Avenue (west side of Kingscourt),"44.24632, -76.50164"
505,Kingston Centre Transfer Point Platform 3,"44.24207, -76.51693"
9040,Sir John A Macdonald Blvd (north side of King),"44.22116, -76.51289"
9038,Portsmouth Avenue (north side of King),"44.22049, -76.52598"
9036,Centre 70 Park and Ride (east side of Days),"44.21883, -76.56915"
9034,Glen Castle Road (north side of Henderson),"44.22819, -76.57975"
9032,Conservatory Drive (east side of Bayridge),"44.23265, -76.59299"
9030,Hudson Drive (east side of Bayridge),"44.24529, -76.59034"
9031,Hudson Drive (west side of Bayridge),"44.24429, -76.59057"
9033,Acadia Drive (west side of Bayridge),"44.2322, -76.59322"
9079,1281 Midland Avenue (east side),"44.27124, -76.57416"
9082,270 Princess Street (south side),"44.23237, -76.48795"
9077,Portsmouth Avenue (north side of Princess),"44.24955, -76.52934"
49,Brackenwood Crescent (east side of Birchwood),"44.26787, -76.57879"
9085,Station Street (south side of Bath),"44.23987, -76.61303"
2084,Cataraqui Centre Transfer Point Platform 7,"44.25507, -76.57294"
683,Innovation Drive at Highway 15 (south side),"44.27169, -76.44541"
2040,Downtown Transfer Point Platform 6,"44.23118, -76.48426"
2035,Downtown Transfer Point Platform 1,"44.23117, -76.4856"
2041,Downtown Transfer Point Platform 7,"44.23096, -76.48425"
9092,Morenz Crescent (north side of Conacher),"44.26682, -76.48414"
9237,Sheppard Street (west side of Montreal),"44.27302, -76.47762"
3023,Atkinson Street (west side of Halifax),"44.26716, -76.55834"
9235,Brock Street (east side of University),"44.23247, -76.49557"
9102,Speers Boulevard (north side of Amherst),"44.22496, -76.66337"
9119,845 Gardiners Road (west side),"44.25365, -76.56864"
9122,Holden Street (north side of Princess),"44.26083, -76.59037"
9124,Rosanna Avenue (north side of Princess),"44.26219, -76.59906"
9118,Cataraqui Woods Park (south side of Cat. Woods),"44.26657, -76.57993"
9105,Midland Avenue (north side of Cataraqui Woods),"44.26737, -76.57577"
9107,Juniper Drive (north side of Cataraqui Woods),"44.26662, -76.58315"
445,First Canada Avenue (West side of Division),"44.2641910258681, -76.4985940698535"
782,Warne Crescent (south side of Dalton),"44.2656871117652, -76.5021851286293"
783,Lappan's Lane (north side of John Counter),"44.259401941672, -76.5099725872279"
2077,Cataraqui Centre Transfer Point Platform 1,"44.25508, -76.57215"
842,O'Connor Drive (east side of Gardiners),"44.25971, -76.56851"
841,Norris Court (east side of Gardiners),"44.26311, -76.56862"
848,640 Cataraqui Woods Drive (south side),"44.26693, -76.56721"
856,1341 Crossfield Avenue (south side),"44.2643, -76.55471"
6,Sheridan Street (west side of Andersen),"44.2604, -76.54911"
583,Muirfield Crescent (north side of Davis),"44.25629, -76.56161"
582,649 Davis Drive (west side),"44.25414, -76.56696"
593,Whistler Terrace (south side of Davis),"44.25226, -76.56198"
595,Bexley Gate (south side of Davis),"44.25169, -76.56061"
697,Littlestone Crescent (south side of Davis),"44.25156, -76.55788"
404,Gardiners Road (north side of Taylor-Kidd),"44.25079, -76.56795"
619,780 Old Colony Road (east side),"44.25062, -76.57529"
97,Norwest Road (west side of Midland),"44.25709, -76.57422"
2078,Cataraqui Centre Transfer Point Platform 2,"44.25499, -76.57238"
503,Kingston Centre Transfer Point Platform 6,"44.24181, -76.51679"
1017,277 Bath Road (north side),"44.23993, -76.52598"
504,Polson Park School (south side of Robert Wallace),"44.23475, -76.52955"
497,Ross Street (west side of Robert Wallace),"44.23346, -76.52777"
2068,Mowat Avenue (south side of King),"44.22062, -76.52071"
415,Livingston Avenue (south side of King),"44.22134, -76.50893"
417,The Isabel/Tett Centres (south side of King),"44.2215, -76.5067"
423,Albert Street (south side of King),"44.22245, -76.49956"
324,George Street (south side of King),"44.22262, -76.49132"
311,Earl Street (east side of Ontario),"44.22669, -76.4829"
305,City Hall (north side of Brock),"44.23036, -76.48036"
422,Albert Street (north side of King),"44.22255, -76.49975"
421,Beverley Street (north side of King),"44.22225, -76.50203"
412,Sir John A Macdonald Blvd (north side of King),"44.22124, -76.5123"
55,Mowat Avenue (north side of Union),"44.22109, -76.51978"
465,KFL&A Health Unit (east side of Portsmouth),"44.227, -76.52569"
496,Strachan Avenue (east side of Robert Wallace),"44.2332, -76.52749"
2062,Grenville Road (south side of Bath),"44.23887, -76.53349"
2060,290 Bath Road (south side),"44.23969, -76.52594"
2008,Lafleur Park (south side of Bath),"44.23998, -76.52333"
523,Trailhead Place (north side of King),"44.22012, -76.53841"
524,Invista (north side of Front),"44.21899, -76.55979"
536,Bishop Street (north side of Front),"44.2186, -76.56712"
716,Hyde Street (east side of Lakeview),"44.22288, -76.57196"
551,278 Lakeview Avenue (east side),"44.22548, -76.57216"
557,Castell Road (east side of McEwen),"44.23541, -76.57427"
612,Development Drive (east side of Gardiners),"44.24164, -76.56761"
614,660 Progress Avenue (north side),"44.24668, -76.56929"
39,Taylor-Kidd Boulevard (east side of Progress),"44.24791, -76.57802"
692,Milford Drive (north side of Taylor-Kidd),"44.24808, -76.58078"
662,Old Colony Road (east side of Bayridge),"44.25521, -76.58668"
740,2697 Princess Street (south side),"44.2586, -76.57696"
642,Woodbine Road (west side of Bayridge),"44.25777, -76.58431"
90,Old Colony Road (west side of Bayridge),"44.25535, -76.58682"
2004,Bayridge Centre (west side of Bayridge),"44.25182, -76.58917"
9054,Bayridge Drive (south side of Taylor-Kidd),"44.25009, -76.58895"
100,Milford Drive (south side of Taylor-Kidd),"44.24787, -76.58076"
40,775 Progress Avenue (south side),"44.24758, -76.57783"
556,Castell Road (west side of McEwen),"44.2356, -76.57446"
718,McEwen Drive (west side of Lakeview),"44.22401, -76.57219"
754,Hyde Street (west side of Lakeview),"44.22288, -76.57207"
547,Evelyn Street (west side of Lakeview),"44.22143, -76.57196"
9037,Centre 70 Park and Ride (west side of Days),"44.21891, -76.56943"
537,Bishop Street (south side of Front),"44.21842, -76.56733"
534,Sunny Acres Road (south side of Front),"44.21853, -76.56521"
2072,1000 King Street West (south side),"44.21986, -76.53522"
672,Strand Boulevard (north side of Taylor-Kidd),"44.25121, -76.59259"
8,Station Street (north side of Bath),"44.23999, -76.61316"
25,Coronation Boulevard (north side of Bath),"44.22507, -76.62917"
793,The Moorings (north side of Bath),"44.22141, -76.63458"
794,Loyalist Avenue (east side of Fairfield),"44.22142, -76.63692"
796,Henry Crescent (east side of Loyalist),"44.22565, -76.63587"
766,Upper Park Road (north side of Amherst),"44.22618, -76.64256"
768,Amherst Drive (west side of Manitou),"44.22723, -76.65121"
780,Kildare Avenue (west side of Manitou),"44.2234, -76.65098"
774,Briscoe Street (west side of Manitou),"44.22108, -76.64969"
873,Briscoe Street (east side of Sherwood),"44.22275, -76.64465"
9060,117 Sherwood Avenue (north side),"44.22559, -76.64694"
871,Kildare Avenue (east side of Pratt),"44.21987, -76.66585"
7,W. J. Henderson Recreation Centre,"44.2261, -76.65904"
785,286 Amherst Drive (south side),"44.22725, -76.65491"
777,The Moorings (south side of Bath),"44.22146, -76.63355"
24,Coronation Boulevard (south side of Bath),"44.22495, -76.62897"
22,Homeward Avenue (south side of Bath),"44.2315, -76.62515"
9003,Mona Drive (south side of Taylor-Kidd),"44.25155, -76.60124"
671,Sexton Lane (south side of Taylor-Kidd),"44.25097, -76.59255"
539,Crystal Springs (north side of Front),"44.2183, -76.57232"
809,172 Glen Castle Road (east side),"44.2207, -76.57741"
810,Camberley Crescent (east side of Glen Castle),"44.22245, -76.57758"
542,234 Glen Castle Road (east side),"44.22346, -76.5783"
687,290 Glen Castle Road (east side),"44.22591, -76.57922"
564,Vista Drive (north side of Roosevelt),"44.23441, -76.58371"
580,Acadia Drive (east side of Walden),"44.23697, -76.59747"
581,Coverdale Drive (east side of Walden),"44.23788, -76.59776"
560,Frontenac Secondary School (south side of Bath),"44.23759, -76.57724"
609,Justus Drive (north side of Development),"44.24171, -76.5726"
737,Hudson Park (north side of Hudson),"44.24373, -76.58556"
3,Bayridge Park (east side of Hudson),"44.24722, -76.59402"
1,1116 Hudson Drive (north side),"44.24859, -76.59968"
681,Mona Drive (north side of Hudson),"44.24849, -76.60266"
15,Edwin Street (west side of Waverley),"44.24653, -76.61123"
16,1346 Waverley Crescent (north side),"44.24561, -76.61348"
13,Collins Bay Road (south side of Aylmer),"44.24953, -76.61085"
12,Woodside Drive (east side of Mona),"44.25275, -76.60212"
624,1036 Mona Drive (south side),"44.25607, -76.60423"
622,Katharine Crescent (south side of Woodbine),"44.25812, -76.60031"
621,Holy Cross Secondary (south side of Woodbine),"44.25835, -76.59703"
640,Purcell Crescent (south side of Old Colony),"44.2549, -76.58194"
78,Cataraqui Woods Drive (east side of Midland),"44.26865, -76.5741"
646,Sierra Avenue (north side of Tivoli),"44.27282, -76.57649"
694,Cataraqui Woods Drive (west side of Cedarwood),"44.26656, -76.57826"
653,Redwood Crescent (north side of Cedarwood),"44.26219, -76.57811"
659,Basswood Place (north side of Cedarwood),"44.26252, -76.58306"
656,Princess Street (east side of Bayridge),"44.26026, -76.58338"
654,Sprucewood Crescent (south side of Cedarwood),"44.26186, -76.58024"
652,Redwood Crescent (east side of Cedarwood),"44.26221, -76.57788"
643,Hickorywood Crescent (east side of Cedarwood),"44.26493, -76.57731"
647,1245 Midland Avenue (west side),"44.26877, -76.57427"
854,Cataraqui Woods Drive (west side of Midland),"44.26659, -76.57426"
651,Loblaws (west side of Midland),"44.26038, -76.57417"
666,Lancaster Drive (east side of Limestone),"44.25674, -76.59495"
18,1385 Waverley Crescent (south side),"44.24398, -76.61657"
470,Edwin Street (east side of Waverley),"44.24663, -76.6111"
468,High Gate Park Dr. (south side of Prince Charles),"44.24727, -76.60481"
680,Mona Drive (south side of Hudson),"44.24838, -76.6029"
91,Downing Street (south side of Hudson),"44.24863, -76.59703"
689,1055 Hudson Drive (west side),"44.24717, -76.59415"
5,Holgate Crescent (south side of Hudson),"44.24493, -76.5926"
629,Hudson Park (south side of Hudson),"44.24363, -76.58563"
611,Gardiners Road (south side of Development),"44.24173, -76.56815"
35,McEwen Drive (north side of Bath),"44.23767, -76.57433"
804,Frontenac Secondary School (north side of Bath),"44.23783, -76.57728"
31,Stoneridge Drive (north side of Coverdale),"44.23743, -76.59217"
590,425 Knightsbridge Road (west side),"44.23319, -76.57881"
545,Glen Castle Road (west side of Chelsea),"44.21972, -76.57417"
397,Taylor-Kidd Boulevard (south side of Princess),"44.25652, -76.54166"
378,Portsmouth Avenue (south side of Princess),"44.24995, -76.53069"
382,Heathfield (south side of Princess),"44.24585, -76.52208"
363,800 Princess Street (south side),"44.23954, -76.50803"
9070,Alfred Street (south side of Princess),"44.23524, -76.49773"
294,Clergy Street (north side of Brock),"44.23175, -76.48945"
360,Legion Villa (north side of Princess),"44.23826, -76.50447"
366,Westdale Avenue (north side of Bath),"44.24099, -76.51358"
383,Sir John A Macdonald Blvd (north side of Princess),"44.24531, -76.52038"
381,1225 Princess Street (north side),"44.24697, -76.52383"
380,McMichael Street (north side of Princess),"44.24797, -76.52602"
398,John Counter Boulevard (north side of Princess),"44.2574, -76.54225"
103,RioCan Centre (west side of driveway),"44.24499, -76.56555"
527,1600 Bath Road (south side),"44.23691, -76.56364"
9018,Arbour Crescent (east side of Tanner),"44.24111, -76.5595"
9019,668 Tanner Drive (south side),"44.24308, -76.55621"
9021,Teal Court (south side of Malabar),"44.2414, -76.55138"
518,Owens Crescent (south side of Kingsdale),"44.24154, -76.54758"
732,284 Kingsdale Avenue (south side),"44.24162, -76.54514"
513,Bath Road (west side of Armstrong),"44.23894, -76.54228"
512,Bath Road (east side of Armstrong),"44.23884, -76.54208"
516,Kingsdale Avenue (east side of Armstrong),"44.24192, -76.54297"
9027,Arbour Heights (west side of Tanner),"44.23931, -76.55956"
9028,Bath Road (west side of Tanner),"44.23736, -76.55947"
101,RioCan Centre (east side of driveway),"44.24492, -76.5653"
9232,Taylor-Kidd Boulevard (east side of Gardiners),"44.25126, -76.56821"
9227,King's Crossing North (east side of driveway),"44.26492, -76.50275"
345,Regent Street (north side of Brock),"44.23262, -76.50858"
9217,Kingston Centre (north side of Bath),"44.24066, -76.5175"
616,Arlington Park Place (west side of Gardiners),"44.24883, -76.56839"
346,Willingdon Avenue (south side of Johnson),"44.23124, -76.50772"
350,Victoria Street (south side of Johnson),"44.23142, -76.50222"
2036,Downtown Transfer Point Platform 2,"44.23114, -76.48536"
231,Russell Street (east side of Division),"44.24371, -76.49515"
832,Weller Avenue (east side of First Canada),"44.26305, -76.49703"
2012,Dalgleish Avenue (west side of Rose Abbey),"44.26155, -76.44962"
134,Medley Court (west side of Highway 15),"44.25291, -76.46075"
127,Highway 2 at Royal Military College (north side),"44.23647, -76.46707"
79,Barriefield (east side of Highway 15),"44.24026, -76.45848"
Smspr1,Montreal Street Park and Ride,"44.27897, -76.47257"
145,242 Guthrie Drive (west side),"44.27413, -76.4796"
2013,118 Virginia Street (north side),"44.27135, -76.48445"
157,80 Virginia Street (north side),"44.2704, -76.48624"
181,Wilson Street (north side of Conacher),"44.26603, -76.48762"
9074,Bus Terminal Transfer Point Platform 4,"44.25851, -76.50624"
9076,Douglas Avenue (south side of Elliott),"44.25596, -76.50403"
2021,Division Street (south side of Elliott),"44.25626, -76.49763"
70,Fraser Street (west side of Division),"44.24533, -76.49554"
288,Adelaide Street (west side of Division),"44.24093, -76.49485"
280,Colborne Street (west side of Division),"44.23475, -76.49348"
297,Johnson Street (west side of Bagot),"44.22983, -76.4855"
451,Francis Street (south side of Churchill),"44.22257, -76.52163"
2056,Johnson Street (east side of Yonge),"44.23046, -76.5184"
484,Silver Street (east side of Roden),"44.23195, -76.52259"
479,Byron Crescent (east side of Norman Rogers),"44.2363, -76.52301"
474,MacPherson Avenue (west side of Van Order),"44.23563, -76.51799"
473,Norman Rogers Drive (west side of Van Order),"44.23381, -76.51625"
472,Van Order Drive (north side of Norman Rogers),"44.23381, -76.51593"
476,Casterton Avenue (west side of Norman Rogers),"44.23775, -76.52331"
478,306 Norman Rogers Drive (west side),"44.23655, -76.52319"
480,Mulcaster Street (west side of Norman Rogers),"44.23529, -76.52308"
448,Mowat Avenue (north side of Forsythe),"44.22693, -76.52053"
436,Beverley Street (south side of Union),"44.22663, -76.50261"
300,Earl Street (east side of Bagot),"44.22844, -76.48647"
287,Adelaide Street (east side of Division),"44.24078, -76.49462"
234,Kingston Police (east side of Division),"44.25018, -76.4961"
216,Derby Gate Crescent (north side of Elliott),"44.25637, -76.4986"
746,First Canada Avenue (east side of Division),"44.26366, -76.49817"
163,Abbey Dale Court (south side of Conacher),"44.26655, -76.48435"
159,Guthrie Drive (south side of Virginia),"44.2712, -76.48351"
454,Seniors Centre (west side of Francis),"44.22447, -76.52193"
175,Greer Street (west side of Montreal),"44.26617, -76.47869"
9056,Weller Avenue (west side of First Canada),"44.26258, -76.49711"
2018,Worthington Park (south side of Weller),"44.26165, -76.49313"
202,Compton Street (south side of Weller),"44.26186, -76.49003"
191,Montreal Street (south side of Drennan),"44.26091, -76.48144"
224,Hickson Avenue (west side of Montreal),"44.25268, -76.48522"
2025,Railway Street (west side of Montreal),"44.24802, -76.48706"
54,Joseph Street (west side of Montreal),"44.24582, -76.48747"
254,Charles Street (west side of Montreal),"44.2401, -76.48653"
2030,Rideaucrest Home (west side of Rideau),"44.23778, -76.48287"
261,Rideau Street (south side of North),"44.23693, -76.48282"
259,Rideaucrest Home (east side of Rideau),"44.23808, -76.48276"
223,Hickson Avenue (east side of Montreal),"44.25276, -76.48494"
212,Briceland Street (east side of Montreal),"44.25959, -76.48168"
192,Daly Street (north side of Drennan),"44.26116, -76.48231"
194,Wilson Street (north side of Drennan),"44.26086, -76.48657"
148,Sheppard Street (east side of Montreal),"44.273, -76.47739"
835,Aberfoyle Road (south side of John Counter),"44.25883, -76.52193"
833,MTO Office (south side of John Counter),"44.25889, -76.51422"
846,Van Order Drive (east side of Portsmouth),"44.23783, -76.52823"
375,Fairview Road (east side of Portsmouth),"44.24435, -76.52922"
376,Valleyview Avenue (east side of Portsmouth),"44.24654, -76.52936"
80,Givenchy Street (south side of Craftsman),"44.24334, -76.4513"
59,Moro Street (south side of Craftsman),"44.24403, -76.44272"
84,Batoche Avenue (north side of Lundy's),"44.23798, -76.44851"
83,49 Lundy's Lane (north side),"44.23769, -76.45115"
334,Carruthers Avenue (east side of Regent),"44.23544, -76.50899"
331,Dunlop Street (east side of Regent),"44.23712, -76.50915"
330,Park Street (east side of Regent),"44.23822, -76.50929"
325,Park Street (east side of Palace),"44.2384, -76.51418"
326,Wright Crescent (east side of Palace),"44.24005, -76.51435"
2044,Regent Street (south side of Park),"44.23833, -76.50949"
332,Dunlop Street (west side of Regent),"44.23699, -76.50931"
333,Carruthers Avenue (west side of Regent),"44.2356, -76.50918"
726,Binnington Court (north side of Dalton),"44.27026, -76.52853"
725,Grant Timmins Drive (west side of Binnington),"44.26715, -76.52879"
827,442 Dalton Avenue (south side),"44.26881, -76.51267"
830,St. Remy Place (south side of Dalton),"44.26785, -76.51036"
9069,212 Dalton Avenue (south side),"44.26784, -76.5079"
730,Warne Crescent (south side of Dalton),"44.26569, -76.50219"
9050,Lappan's Lane (north side of John Counter),"44.2594, -76.50997"
2050,MTO Office (north side of John Counter),"44.2591, -76.51521"
834,Aberfoyle Road (north side of John Counter),"44.25907, -76.52175"
824,Gardiners Road (south side of Cataraqui Woods),"44.26708, -76.56984"
388,McMichael Street (south side of Glengarry),"44.25262, -76.52567"
242,Seventh Avenue (east side of Kingscourt),"44.24743, -76.50155"
241,Oak Street (east side of Kingscourt),"44.25008, -76.50174"
240,Kingscourt Avenue (south side of Kirkpatrick),"44.25324, -76.50138"
237,Theresa Crescent (north side of Kirkpatrick),"44.25346, -76.49797"
239,Kingscourt Avenue (north side of Kirkpatrick),"44.25335, -76.50146"
863,Third Avenue (west side of Kingscourt),"44.2447, -76.50152"
865,Concession Street (west side of Kingscourt),"44.24148, -76.50123"
762,Macdonnell Street (north side of Concession),"44.24132, -76.50563"
368,Leroy Grant Drive (north side of Concession),"44.24203, -76.5083"
9035,Glen Castle Road (south side of Henderson),"44.22811, -76.57932"
9039,Portsmouth Avenue (south side of King),"44.22031, -76.52521"
9041,1055 Princess Street/Kingston Centre (north side),"44.24375, -76.51695"
708,Jean Royce Hall (south side of West Campus Lane),"44.2246, -76.51594"
706,John Orr Tower (east side of West Campus Lane),"44.22576, -76.51402"
9078,1281 Midland Avenue (west side),"44.27126, -76.57434"
9083,321 Yonge Street (east side),"44.22748, -76.51811"
2082,Cataraqui Centre Transfer Point Platform 5,"44.25508, -76.57271"
2083,Cataraqui Centre Transfer Point Platform 6,"44.25498, -76.57283"
9088,Earl Street (west side of University),"44.22995, -76.4957"
814,695 Innovation Drive (south side),"44.27206, -76.43939"
2038,Downtown Transfer Point Platform 5,"44.2316, -76.48413"
9238,Sutherland Drive (east side of Montreal),"44.26885, -76.47905"
9091,Bayridge Drive (south side of Hudson),"44.24499, -76.5907"
9093,Ordnance Street (east side of Bagot),"44.23461, -76.48371"
9094,326 Sutherland Drive (east side),"44.26673, -76.48887"
9095,Markers Acres Park (west side of Sutherland),"44.26678, -76.48906"
9240,Ordnance Street (west side of Montreal),"44.23495, -76.48518"
9096,Highway 15 (south side of Highway 2),"44.23973, -76.45767"
9097,Markland Street (west side of Montreal),"44.23848, -76.48564"
9007,McEwen Drive (south side of Bath),"44.23738, -76.57337"
9236,Brock Street (west side of University),"44.23272, -76.49577"
9098,Johnson Street (east side of Albert),"44.23145, -76.50006"
9099,Alfred Street (south side of Union),"44.22769, -76.49717"
752,933 John Marks Avenue (north side),"44.27489, -76.43906"
9104,McDonough Crescent (south side of Kildare),"44.21979, -76.66402"
3027,King Street (south side of Barrack),"44.23307, -76.48065"
9120,McEwen Drive (south side of Henderson),"44.22821, -76.5733"
9127,VIA Rail Station (west side of Old Mill),"44.25773, -76.53782"
9109,Holden Street (north side of Cataraqui Woods),"44.26722, -76.58913"
9112,Horizon Drive (west side of Holden),"44.26471, -76.58996"
9125,Evergreen Drive (east side of Rosanna),"44.26508, -76.59989"
9117,Larchwood Crescent (south side of Cataraqui Woods),"44.2665, -76.58353"
9126,Bittersweet Place (south side of Cataraqui Woods),"44.26723, -76.57657"
9304,Liston Drive (north side of Taylor-Kidd),"44.25162, -76.59427"
780,St. Remy Place (south side of Dalton),"44.2678462900222, -76.5103579033167"
781,212 Dalton Avenue (south side),"44.2678381595761, -76.507895635441"
